id;nom;prenom;email;adresse;telephone;sexe;photo;photo_content_type;date_naissance;lieu_naissance
1;a;orchid navigating Fundamental;Christelle.Carpentier60@yahoo.fr;d'Assas reboot conglomeration;0572594675;Masculin;../fake-data/blob/hipster.png;image/png;2022-06-23;Inverse
2;Compatible compressing;c c mobile;Dorothe.Richard7@gmail.com;green c;+33 379623112;Masculin;../fake-data/blob/hipster.png;image/png;2022-06-23;Market hack
3;hardware Charlemagne;capacitor Superviseur model;Foulques55@yahoo.fr;Refined;0338708063;Masculin;../fake-data/blob/hipster.png;image/png;2022-06-23;gold
4;Universal support;Concrete;Bertrand.Vincent@yahoo.fr;Fish d'Alésia TCP;+33 327896893;Masculin;../fake-data/blob/hipster.png;image/png;2022-06-22;magenta Developpeur Generic
5;Frozen productivity infrastructures;leverage;Corinne.Guillaume@gmail.com;withdrawal;+33 369733382;Masculin;../fake-data/blob/hipster.png;image/png;2022-06-22;invoice Fantastic
6;multi-byte b red;synthesizing benchmark;Angilberte_Benoit74@yahoo.fr;Bedfordshire Kiribati;0273618759;Masculin;../fake-data/blob/hipster.png;image/png;2022-06-23;Bretagne Loire Berkshire
7;payment;Developpeur rich Denar;mile_Lecomte@hotmail.fr;architectures Table;+33 665167630;Feminin;../fake-data/blob/hipster.png;image/png;2022-06-23;sky
8;interactive;content-based green a;Virginie.Rolland46@hotmail.fr;explicit Ergonomic matrix;+33 401056092;Masculin;../fake-data/blob/hipster.png;image/png;2022-06-23;e-tailers
9;Concrete d'Orsel;HTTP Small;Adegrine_Bonnet@gmail.com;Hongrie;0786340365;Masculin;../fake-data/blob/hipster.png;image/png;2022-06-23;transform
10;Towels;Garden Unbranded Midi-Pyrénées;Andre_Boyer21@yahoo.fr;envisioneer;+33 565148305;Masculin;../fake-data/blob/hipster.png;image/png;2022-06-22;middleware Alsace open-source
