id;nom;prenom;email;adresse;telephone;sexe;photo;photo_content_type;specialite;niveau_enseign
1;Salad;Mouse area green;Titien_Lefevre@hotmail.fr;Bike Team-oriented;0156653101;Feminin;../fake-data/blob/hipster.png;image/png;JSON Generic optimize;CentreFP
2;Developpeur Palladium azure;Cotton salmon enterprise;Yves_Marty@hotmail.fr;Licensed Assistant;+33 332929744;Masculin;../fake-data/blob/hipster.png;image/png;exuding c;CentreFP
3;Outdoors;Moldovan;Archibald11@yahoo.fr;Bedfordshire Mongolie b;0451892783;Masculin;../fake-data/blob/hipster.png;image/png;Generic salmon;LyceeTech
4;Investment Bedfordshire Gloves;Wooden de;Louis.Lacroix39@yahoo.fr;Ergonomic;+33 710132512;Feminin;../fake-data/blob/hipster.png;image/png;purple action-items;LyceeTech
5;Keyboard payment;Tuna;meric.Petit71@gmail.com;next-generation;+33 789365299;Feminin;../fake-data/blob/hipster.png;image/png;Sports Total;LyceeTech
6;copy Steel Bourgogne;Steel;Abondance_Joly@yahoo.fr;Personal;+33 317851226;Feminin;../fake-data/blob/hipster.png;image/png;de strategic;CentreFP
7;neural;Agent;lise69@gmail.com;Ingenieur;0597531624;Feminin;../fake-data/blob/hipster.png;image/png;Buckinghamshire Steel;CentreFP
8;HTTP;deposit;Arnaud27@gmail.com;Alsace challenge;0499387007;Feminin;../fake-data/blob/hipster.png;image/png;c IB;LyceeTech
9;withdrawal Gorgeous;Gorgeous card;Morgan65@gmail.com;multimedia Keyboard monitor;+33 231890718;Feminin;../fake-data/blob/hipster.png;image/png;Kwacha Account Chips;CentreFP
10;Avon a withdrawal;envisioneer Shilling payment;Simone.Noel21@hotmail.fr;Producteur payment;+33 637739670;Feminin;../fake-data/blob/hipster.png;image/png;payment;LyceeTech
